"score","text","class"
-1,"oh nyata pocong pakai siri ","Negative"
-4," nyamuk datang lah ada tanggal lah kakak ponti kacau cadar itu lah pocong lompat atas trampoline itu lah ","Negative"
0," foto awkarin jadi poconggak sambung","Neutral"
0," maklum kalau pocong banyak tanya kan di kubur sendiri jadi butuh ramai ","Neutral"
4,"benar aku tak larat sangat deh ini tapi sebab cerita pocong itu aku gigih cari kawan ","Positive"
-3," takut orang kelas pakai video poling alias pocong keliling","Negative"
4," starinfo wah ada pocong pakai kain kafan merk off white masa breaktime forgreatmusic ","Positive"
-1," aing sampai lupa dulu apa sampai blok pocong wkwkwkwdiblok rtz gegara flaming wkwkw","Negative"
4," pocong karena hantu lokal terus kalo aku mau tidur aku suka ngebayangin guling aku jadi pocong t cowok hszep e hO","Positive"
0,"sikile tali pocong jal ","Neutral"
-4," kenapa yang muncul malah pocong ya ily deh cong ","Negative"
0,"weh pocong beistifar ","Neutral"
4,"oke mimpi lihat pocong depan muka dan teriak kayak cewek ajg padahal kalo diinget ingat pocong kayak familiar muka tapi kenapa teriak ","Positive"
8,"ajar dari pocong dari dulupakaiannya itu itu saja hidup sederhana ","Positive"
0," enggak mayat itu sudah bungkus jadi pocong nah pocong loncat ","Neutral"
0,"masuk dan tonton live pocong p ramal di bigolive ","Neutral"
-4," jalan t tiati jalan awas ada pocong prikitiew ","Negative"
0,"arief muhammad panggil pocong ","Neutral"
-4," lagi pikir kalo pocong jalan bagaimana soal bosan lihat pocong loncat saja","Negative"
7," pocong karena jalan lompat doi cocok jadi atlet lompat indah wkq","Positive"
0," poconglucu kayak guling","Neutral"
0," terus ini pocong ngerekamnya bagaimana ","Neutral"
6,"ingat banget waktu itu gue tuduh minta belikan kacamata ke mamak gue padahal yaallah sumpah pocong gue berani gue beli ","Positive"
-7,"rt haduhhh ini anak kasihan banget bikin prank jadi pocong pocong pas di datengin tim teman teman pada kabur dia gabis","Negative"
-1,"ini tonton yang prank pocong kocak benar kasihan yang jadi pocong tinggal kabur sama teman teman teman pada kabur dia gabis","Negative"
-6," pocong muka doang yang keliatann yang jadi pocong tinggal kabur sama teman teman teman pada kabur dia gabis","Negative"
4,"pocong ba sama followers siap dengan verified badge lagi ","Positive"
0," ngahaha pocong rambut","Neutral"
-2," siang siang kok ada pocong ","Negative"
0,"rt daramang cuu nurutan pocong ah dek comeback kak dunia pertwitteran","Neutral"
0,"daramang cuu nurutan pocong ah dek comeback kak dunia pertwitteran","Neutral"
-3," pocong karena kalo mati gue bakal di buat kayak begitu ","Negative"
0," pocong mumun bisa wkwk","Neutral"
0," kamu pernah tonton pocong mumun enggak itu dia bisa terbang","Neutral"
0," arpi pocong pink ","Neutral"
-2," seram pocong terbang tinggi juga","Negative"
0,"pocong bisa terbang enggak sih ","Neutral"
0," pocong yang enggak nya tiga itulho hantu kini bisa jadi selebtwit baru comeback sudah buat endorse ","Neutral"
0," ini kak flat yang ada pocong itu ","Neutral"
-7,"haduhhh ini anak kasihan banget bikin prank jadi pocong pocong pas di datengin tim teman teman pada kabur dia ","Negative"
0," menteri alam gaib saja urus genderuwo pocong kuntilanak dsb cocok tuh ","Neutral"
4,"bang ceritain alam lu pas mulai sakaratul maut sampai sukses jadi pocong dong ","Positive"
0," pocong kuntilanak genderewo kenapa karena aku kan sering lihat mereka terus interaksi dan ngepassin mer ","Neutral"
0," sebelah apih kirana itu pocong ke pucat macam ","Neutral"
0,"rt sudah diblock awkarin diblock pocong diblock siapa lagi","Neutral"
0," pocong dia enggak berisik kaya hantu lain masuk hantu yang introvert kali nya malu malu begitu dekat pohon pisang","Neutral"
-2," nontonin pocong kok masuk molenan semen","Negative"
-1," thea kan princess kamu itu mah dasar pocong ","Negative"
-2," nontonnya pocong series atau azab spesial ya ","Negative"
4," pocong karena asli hantu orang indonesia","Positive"
4," sabar nama juga pocong","Positive"
0," kuntilanak karena enggak nyereminnn kayak pocong","Neutral"
0,"rt pocong sudah balik ke twitterawkarin sudah balik ke twitterkamu kapan balik sama akuhash ramashok ","Neutral"
0," pocong karena indonesia banget","Neutral"
0," pocong gara gara pernah lihat ","Neutral"
0," pocong t zaman baheula bajuna angger wae nueta tara gonta ganti komo ngahajakeunshoping fashion mah ciri kasederhanaan anuhakiki ","Neutral"
4," pocong karena suka bagi iphonenapa karena aku kan sering lihat mereka terus interaksi dan ngepassin mer ","Positive"
-8," kok hantu sih favorit aku pocong deh soal dia enggak usah teriak suara takut dia diam di pohon pisang a ","Negative"
6," pocong soal pas tak aku pernah diliatin mas pocong begitu sambil dibawain bunga mulut dia sumpah wkwk ","Positive"
0," loh film nopo ni mbah delokan kulo mumun pocong enggak erti film ngoten wkwk","Neutral"
0," pocong karena kayak permen sugus","Neutral"
-3," gua searching dong astaghfirullah paling kaget dan yang keluar gampar pocong ","Negative"
0,"pocong prank tegarmndrtarget umarmubarok evnubadrika angga si permana ve ","Neutral"
-4,"rt teror pocong mbak sum thread awal gue enggak yakin mau cerita ini karena dari kian banyak alam gue ini","Negative"
-4,"orang macam mana pocong gerak lompat ke golek ","Negative"
0," pocong saja hidup","Neutral"
-1," kalau ini sering sih aku dapat cerita ada tempat makan yang anak kecil lihat ada pocong nya lagi n ","Negative"
0," coba main sama pocong","Neutral"
-6,"pocong kembali main twidder langsung rame seluruh indonesia sementara itu ada yang iri dengan ke trending ngan n ","Negative"
-5," wkwkwkwk itu loh yang katai pocong who sementara itu ada yang iri dengan ke trending ngan n ","Negative"
1,"layar gelas pun mirip pocong wekwek","Positive"
0,"jadi sekarang era nya pocong vs anak presiden menarique ","Neutral"
-4,"pocong mana ","Negative"
0,"rt pocong sudah balik ke twitterawkarin sudah balik ke twitterkamu kapan balik sama akuhash ramashok ","Neutral"
0,"rt pocong sudah balik ke twitterawkarin sudah balik ke twitterkamu kapan balik sama akuhash ramashok ","Neutral"
-1,"pocong kembali gentayang ","Negative"
4,"kalau macam ini lah bentuk kuih dakap memang aku akan pnggil kuih pocong lah senang untuk aku ingat ","Positive"
9,"cinta abang sama eneng bagai pocong ikat erat tanpa ada yang berani lepas ","Positive"
2," apakah ini yang nama sumpah pocong ","Positive"
0," cikgu rupa pocong ini kes pbd ini buat pening lahaiii ang untuk aku ingat ","Neutral"
3,"nah malam sih yang medeni gue tidur nyenyak bangun gara suara tokek di depan kamar anjir mana banyak benar gata ","Positive"
3," pocong naik motor sport hmmm menarique","Positive"
0,"rt pocong sudah balik ke twitterawkarin sudah balik ke twitterkamu kapan balik sama akuhash ramashok ","Neutral"
0," sama aku kenal sama mas pocong waktu aku sampai kelas ","Neutral"
0," jadina kunti bukan pocong dong","Neutral"
0," busy nye pocong ckgu rupanye","Neutral"
0,"rt pocong sudah balik ke twitterawkarin sudah balik ke twitterkamu kapan balik sama akuhash ramashok ","Neutral"
0,"rt tapi sudah benar nyak sa seram nya hantu ku jurig kuntilanak dedemit pocong genderewo dll tetap masih leuwih seram hantu","Neutral"
0," pocong indon sendu ","Neutral"
2,"rt netizen facebook sama segitiga saja takut netizen twitter ada pocong muncul sambut dengan sukacita ","Positive"
0,"rt gue sempat ira yang posting foto selebtwit di menfess dengan caption pocong who itu ya orang orang yang di foto itu l","Neutral"
0,"gue sempat ira yang posting foto selebtwit di menfess dengan caption pocong who itu ya orang orang yang di f ","Neutral"
-4,"rt lagi rame balik di twitter jadi ingat ini salah satu tampil publik pertama di sama gua masih bayang anak","Negative"
0,"rt anjir gue kaget banget sumpah gaboong dp lo lebih seram dari pocong jadi gakan gue follback ","Neutral"
0," gali kubur mau ngambil tali pocong","Neutral"
0," pocong kalo kebelet berak bagaimana apa pakai pampers bayi ","Neutral"
0," nanti kalo pocong benar malah seram","Neutral"
5,"semenjak pocong bangkit tl jadi penuh lumayan lah dari pada gelut politik ","Positive"
-4,"rt lagi rame balik di twitter jadi ingat ini salah satu tampil publik pertama di sama gua masih bayang anak","Negative"
0," well pocong enggak makan makan fisik jadi hipotesis saya ia tidak mungkin berak kalo berak pun paling tra ","Neutral"
-14," enggak ah seram amat rasuk pocong di hipotesis saya ia tidak mungkin berak kalo berak pun paling tra ","Negative"
0," pocong bisa follback aku enggak ","Neutral"
-2,"baru engeh kalo sih jerom sama sih pocong saling sindir sindir haha","Negative"
0,"pocong dkt gsc ini cerita kelakar ke aku nak g tengok ini aku bosaaasn","Neutral"
4," jangan tiru cong dia hedon belum pernah rasai jadi pocong dia cong ajar cong cara sederhana t cowok t enggak jsgfia","Positive"
0," pocong jepri mau a ","Neutral"
0," jam film pocong sih mumun","Neutral"
-1," innalillahi lagi rumah duka ada anak kecil tanya ke teman nanti jadi kuntilanak apa pocong ya pocong lihat saja disituia","Negative"
0," pocong vs tengkorak","Neutral"
0," di dunia lain pocong nih ","Neutral"
-2," enggak kenal arief muhammad sini kenal pocong doang","Negative"
0," ora papa des daripada hari ini moto ini sama hantu pocong beso moto ini sama kuntilanak besok moto ","Neutral"
0,"rt bangkit nya sang pocong dari tanah twitter","Neutral"
0," ajak om pocong juga ya mas kaesang","Neutral"
0," bilang saja khilaf masuk pocong","Neutral"
0,"haaaaaa pocong pun istighfar kuta bila nk istighfar hahahaha ","Neutral"
-1,"ouch baru engah pocong sudah kembali ya","Negative"
0,"dulu ada kakak kls yang mirror selfie cermin itu dan belakang ada pocong ada juga temenku sendiri nih yang bisa l ","Neutral"
0,"pocong who pocong adalah saya dan anda jika sudah masuk alam barzah ","Neutral"
-4,"rt definisi teman bangsat wkwkwkwkk teman nya jadi pocong datang polisi yang lain pada kabur terus yang jadi pocong mal","Negative"
0," pocong ikut","Neutral"
-2,"hai hai ba a kaba haha bikin welcomeback dong kayak pocong biar viral juga kabur terus yang jadi pocong mal","Negative"
-4,"rt takut jenazah bete terus order gojek ke kubur kan ribet urus kasihan drivernya boncengin bagaimana","Negative"
-2," enggak tau bgst banget memang apa memang tuh pocong lagi hamil terus gue tempel begitu jadi ikut mual mual wkwk","Negative"
0," dari pocong itu","Neutral"
-4," takut jenazah bete terus order gojek ke kubur kan ribet urus kasihan drivernya boncengin bagaimana pocong begitu n","Negative"
-1," tengok cite pocong pun nyorok bawah ketiak aku hahaha","Negative"
1,"rt isi twit pocong juga enggak ada apapa nya banding twit nya kok bisa laku dan hype sekal ya ","Positive"
0," ayo ajak pocong dan jerome","Neutral"
0," bang tutorial jadi pocong bagaimana","Neutral"
0," tapi aku req kita roasting pocong lagi jam pagi bagaimana ","Neutral"
-2," satu lagi jari siapa kok goib jari pocong ","Negative"
0,"rt asa aku saja apa ya kalo lagi cuci muka atau pakai sampo bayang pocong lah kuntilanak lah lansung zikir dalam hati","Neutral"
0,"pocang pocong pocang pocong sudah come back tapi masih di block ","Neutral"
0," ngeri benar pocong","Neutral"
-1,"rt dari zaman baru lahir sampai pocong muncul kembali hahaha nemu ini di liked twitter kali welcome back ","Negative"
1,"rt ikut post ulang seperti memori kampanye di madura kita bagi dari juang ini yuk kita remind","Positive"
-4,"rt ngelesnya amatir banget masih lebih pinteran anak sd soal urus ngeles lindungisaksibpn maka janganikutbermain ","Negative"
8,"rt jokowi putus gila yang penting untuk negara akan saya kerja lindungisaksibpn","Positive"
5,"rt takut hanya kepada allah dan cinta allah lebih cinta kepada isi dunia selamat malam selamat beristi","Positive"
-2,"rt sempat sempat tidur di maka malam lagi asik urus berkas sambil gadang mungkin dia lelah hahaha maka jang","Negative"
-6,"rt mati korban harus ungkap begitu juga mati ratus anggota kpps lindungisaksibpn ","Negative"
-4,"rt definisi teman bangsat wkwkwkwkk teman nya jadi pocong datang polisi yang lain pada kabur terus yang jadi pocong mal","Negative"
-4," ahahahha gblk gue kira pocong gp apa emen nya jadi pocong datang polisi yang lain pada kabur terus yang jadi pocong mal","Negative"
0," pocong the originol nogori sombilan","Neutral"
-3," siang panas begini ya tunggu pocong keluar jalan di aspal lah","Negative"
0,"apa sih ini ada akun pocong wkwkwk","Neutral"
0," yakin ke pocong dulu lalu ingat pocong rupa gun baja hahaha","Neutral"
0,"pocong gp tapi helm pakai plastik wkwk ","Neutral"
1,"rt topik cinta beda agama is sok last year try cinta beda alam kamu manusia dia pocong ","Positive"
-5," orang indonesa itu lebih takut sama pocong daripada setan true story ","Negative"
-2,"enggak sangka dapat juara pocong gp anjerrr padahal lawan cowok semua asa anak marc marquezzz wkwk","Negative"
-2,"pocang pocong pocang pocong memang kenapa sih kalau sih pocong balik lagi kak twitter biar saja laaa yang lama main twitter p ","Negative"
0," kayak pocong saja","Neutral"
-4,"ingat enggak sih ada sinetron pocong mumun sama pocong jefri yang kalo ada pocong ada efek merah merah yaila aku deh tua ","Negative"
0,"gorontalo agama islam idola cjr hobi makan upil konser kamar mandi main hp phobia pocong afiyah si bio ","Neutral"
0," pocong dong","Neutral"
0," haa memang pocong suara skuyyy","Neutral"
-4," masa kalah sama pocong sih teman ","Negative"
0," hidup di dunya ini penush coba dan uji habis itu ada tampak pocong dijndela rumah di film ","Neutral"
4," siap dong nya ini penush coba dan uji habis itu ada tampak pocong dijndela rumah di film ","Positive"
0," lihat pocong ngetweet coba dan uji habis itu ada tampak pocong dijndela rumah di film ","Neutral"
0," bangkit nya sang pocong dari tanah twitter","Neutral"
0,"rt pocong sudah balik ke twitterawkarin sudah balik ke twitterkamu kapan balik sama akuhash ramashok ","Neutral"
0,"kelas spenlibels di jam saya enggak ada wisuda bagai ganti kami bertemu di hari lain dengan nggrudug del ","Neutral"
0,"lagi pikir pocong ","Neutral"
-4," masak mantu tni ngeri sama pocong suruh kejakarta mbak kalian suruh bawa anak buah budiman arife ","Negative"
0," oka masih jadi landak gaul dan arief masih jadi pocong kalian suruh bawa anak buah budiman arife ","Neutral"
-6," jangan sering lompat kau pocong susah kencing nanti","Negative"
0," pocong enggak bisa pakai motor arief muhammad saja enggak bisa","Neutral"
4,"aku kangen thread nya adora dan hilman dan juga pocong ririn ","Positive"
0,"rt pocong sudah balik ke twitterawkarin sudah balik ke twitterkamu kapan balik sama akuhash ramashok ","Neutral"
0,"pocong ","Neutral"
3," wehhh taguna pocong nasib baik deh tau pasni memang tak lah nak lalu ","Positive"
0," eeeehhh pocong siang prabowo deklarasi menang sampai kali lo enggak komen sampah","Neutral"
0," coba tanya pocong","Neutral"
-12,"pakai pic pocong di profil wa pada marah n ngedumel salah gue mana coba ya ","Negative"
0,"please dong hargain asa gue gua juga manusia kali ya gua bukan pocong tau ","Neutral"
-4," cong aku mau bertanya bagaimana cara pocong untuk makan pakai sendok dan garpu","Negative"
2,"rt netizen facebook sama segitiga saja takut netizen twitter ada pocong muncul sambut dengan sukacita ","Positive"
0,"rt pocong sudah balik ke twitterawkarin sudah balik ke twitterkamu kapan balik sama akuhash ramashok ","Neutral"
0," training untuk jadi pocong ","Neutral"
0," innalillahi sudah innalillahi bentar lagi jadi pocong lu","Neutral"
4," pengin cepat jadi pocong kali g aku buah budiman arife ","Positive"
0," iya gedorin pakai kepala coba deh lihat youtube nya raditya ka feat kisah tanah jawa sana semp ","Neutral"
-4,"jalan chepor dalam ke meru raya deh ganggu pocong jaga jaga kalau jumpa minta nombor ekor hahahahha ","Negative"
-1," iya chet saja sama pocong itu dia sudah kembali dari alam kubur sekarang lagi ngkorong ditwitter ","Negative"
4,"suka ngemil tanmocollection jual macaroni mamade mie lidi osyin popcorn factory redondo wafer stick kripik pocong yuk di order ","Positive"
0,"anjir deh kenapa sih pocong baru kenal lagi is this orang something ","Neutral"
2,"rt netizen facebook sama segitiga saja takut netizen twitter ada pocong muncul sambut dengan sukacita ","Positive"
0,"rt pocong sudah balik ke twitterawkarin sudah balik ke twitterkamu kapan balik sama akuhash ramashok ","Neutral"
-4," pocong sirik mulu ","Negative"
0,"rt pocong sudah balik ke twitterawkarin sudah balik ke twitterkamu kapan balik sama akuhash ramashok ","Neutral"
1,"isi twit pocong juga enggak ada apapa nya banding twit nya kok bisa laku dan hype sekal ya ","Positive"
0," lagi bertanya sama diri sendiri tentang misteri apakah itu gentayang karena tali nya enggak lepas ","Neutral"
0," pocong mau ikut ","Neutral"
0," itu pocong lagi sholat mbak kalian titip tagar mkbukanbawahantkn mkbukanbawahantkn","Neutral"
0,"rt pocong sudah balik ke twitterawkarin sudah balik ke twitterkamu kapan balik sama akuhash ramashok ","Neutral"
0,"saik kami balik bareng pocong ","Neutral"
-7,"rt wkwkwk ini pocong mangkal mana sih ","Negative"
2," pocong saja tweetnya bisa baca yang itu kagak baca sama sekal beda jenis kali sama pocong","Positive"
4,"beda kelas kamu yang dulu dan kamu yang kemarin kelas kelas terrong kayak pocong lompat lompat enggak jelas","Positive"
0," balik karena pocong wjwkw","Neutral"
0,"rt pocong sudah balik ke twitterawkarin sudah balik ke twitterkamu kapan balik sama akuhash ramashok ","Neutral"
-5,"oh iya lanjut pas sampai kamar lihat homescreen hp gambar jje seram banget kayak pocong langsung ganti jadi don ","Negative"
0," pocong","Neutral"
-4,"terus ya waktu sudah mulai gamenya itu harus kan ada banyak orang yang ikut tapi itu aku tinggal di rumah sakit angker ","Negative"
0,"rt status anak usaha bumn adalah bumn lindungisaksibpn ","Neutral"
-2,"rt pigai ada lembaga selain maka yang akan perintah kpu diskualifikasi jokowi maruf lindungisaksibpn","Negative"
7,"rt kpu itu sudah umum menang milu dan kpu punya wakil sampai ke tingkat kab kota dan provinsi kenapa harus su","Positive"
-3,"rt soal jabat maruf amin di bumn rr larang dan tidak pantas lindungisaksibpn","Negative"
0,"rt pakar banding dan kpu lebih deg degan tunggu putus maka lindungisaksibpn","Neutral"
3,"rt gaknagargakasik kami selalu dukung mendoakanmupk bang pasang tagar lindungisaksibpn ","Positive"
4,"rt gaknagargakasik ayo kita doa buat selamat para saksi yang akan saksi di mksemoga allah lindung","Positive"
11,"rt jika lpsk tidak bisa lindung saksi dan tim hukum kami rakyat dari baris akal sehat dukung ","Positive"
-4,"rt tim hukum tuding polisi libat curang pilpres mabes polri kami netral indrpenden tidak betpihak ke apa","Negative"
3,"tadi malam mimpi lihat pocong tanda apa ya","Positive"
0,"rt enggak nagar enggak asik lindungisaksibpn lindungisaksibpnsilahkan komen saudara ","Neutral"
0," santuy abang pocong","Neutral"
0,"rt aktifis media sosil penjara karena kritisi bijak rezim contoh jonru mustofa nahra dll ini demokrasi ki","Neutral"
2,"rt netizen facebook sama segitiga saja takut netizen twitter ada pocong muncul sambut dengan sukacita ","Positive"
0," pocong","Neutral"
0," pocong waras","Neutral"
0,"rt pocong sudah balik ke twitterawkarin sudah balik ke twitterkamu kapan balik sama akuhash ramashok ","Neutral"
0," pocong kayak nya","Neutral"
0," pocong","Neutral"
0," lagi ingin minta tolong sama bung agar mempromosiin akun baru gue biar di follow sama jutaaan followers abang pocong","Neutral"
0,"pocong ini lo bukan ","Neutral"
2,"rt netizen facebook sama segitiga saja takut netizen twitter ada pocong muncul sambut dengan sukacita ","Positive"
-4,"tampak pocong di rumah abdi setan lewat ","Negative"
0," masih tunggu sih pocong nih","Neutral"
0," mungkin pocong adalah siskae","Neutral"
0," ini adu cerita dar biar didoain pocong ","Neutral"
3,"kenapa aku mimpi pocong pula aaaa serabut jssjjsns","Positive"
0,"pocong apa yang disenengin ibu ibu pocong harga ","Neutral"
0," ","Neutral"
0," eh bukan kejar pocong sih jadi kayak diikutin nah tapi dia dekat perlahan begitu","Neutral"
0," enggak wan dia bahkan pakai tulis pocong segala gambar wkwk","Neutral"
2,"rt netizen facebook sama segitiga saja takut netizen twitter ada pocong muncul sambut dengan sukacita ","Positive"
-3,"mau balek lihat putih gang kukira pocong rupa ibu pakai mukena baru balek solat ajg senam jantung","Negative"
-1,"gaes hantu lokal yang turut kalian seram apa me pocong entah kenapa dari gue kecil suka ditakutin abang gue dengan ","Negative"
0,"pocong balik ketwitter dengan bawa rakyat rakyat instagram","Neutral"
2," sumpah enggak pakai pocong kan ","Positive"
3," ya allah pocong nya centang biru pocong verified ari gue kecil suka ditakutin abang gue dengan ","Positive"
0,"pocong saja sudah balik lagi ke twitter terus kalian enggak ada niat mau balik jadi jomblo begitu iya maksud hubun ","Neutral"
0,"rt pocong sudah balik ke twitterawkarin sudah balik ke twitterkamu kapan balik sama akuhash ramashok ","Neutral"
-4," ish masa tetangga kamu punya guling kayak pocong seram tau ","Negative"
1,"rt topik cinta beda agama is sok last year try cinta beda alam kamu manusia dia pocong ","Positive"
-4," pocong mana pocong er terus kalian enggak ada niat mau balik jadi jomblo begitu iya maksud hubun ","Negative"
0," belum tau saja kalau tetiba pocong rebah samping kamu ad jomblo begitu iya maksud hubun ","Neutral"
0," iyaak lebih hits kuntilanak sih dulu daripada pocong ","Neutral"
-2,"akhir pecah pocong itu bang arip ad jomblo begitu iya maksud hubun ","Negative"
4," yang ada pocong yang kangen","Positive"
0," pocong mini ya","Neutral"
0,"rt pocong sudah balik ke twitterawkarin sudah balik ke twitterkamu kapan balik sama akuhash ramashok ","Neutral"
0," pocong kalo bangun pagi ya ","Neutral"
0,"pocong sudah balik ke twitterawkarin sudah balik ke twitterkamu kapan balik sama akuhash ramashok ","Neutral"
0,"apa sih ini bong bong bong kayak sih pocong jam dulu saja ","Neutral"
0," pocong bodo po cih","Neutral"
0,"jadi pocong kene elastic","Neutral"
1," kerja seperti pocongbahkan lompat lompat saja enggak ada yang tahutiba muncul saja begitu","Positive"
-3," moga mati enggak jadi pocong ya","Negative"
-4,"rt lagi rame balik di twitter jadi ingat ini salah satu tampil publik pertama di sama gua masih bayang anak","Negative"
-4,"rt orang yang caper di tweet pocong minggu lagi juga sudah bosan ","Negative"
0,"rt pocong sudah balik ke twitterawkarin sudah balik ke twitterkamu kapan balik sama akuhash ramashok ","Neutral"
-3,"tiap kali cuci muka en bisa di diam lama lama dulu baru bilas eh tapi bagaimana baru nutup mata detik saja ","Negative"
0," batman rasa pocong","Neutral"
-3,"tali mati bukan tali pocong ","Negative"
2,"yang bucin di tl tengah malam begini benar pacar lo tuh orang apa pocong sih ","Positive"
0," diewe kunti sundel bolong pocong nder","Neutral"
0,"masuk dan tonton live pocong p ramal di bigolive keyco wedding ","Neutral"
0," gapapa cin lu mvp banget deh gambar pocong","Neutral"
0," indonesian name itu pocong bigolive keyco wedding ","Neutral"
0,"rt rasuk pocong ","Neutral"
-5," tinkerbell kena azab jadi pocong","Negative"
-1," hayo pocong keliling kali tuh","Negative"
0,"rt pocong sudah balik ke twitterawkarin sudah balik ke twitterkamu kapan balik sama akuhash ramashok ","Neutral"
0,"pocong punya twitter","Neutral"
0," mungkin mbak kesel sama sender anon yang bilang ini baru selebtwit pocong who seola ","Neutral"
0,"tapi lupa sudah jadi pocong ya allah ","Neutral"
0," jangan diludahin pocong","Neutral"
2,"sumpah ya anjir tadi habis tonton producex kan nah terus lihat notif dana ada yang nama pocong ditwittter tanya ","Positive"
-4," tapi buka besok wae ya bun ada koper leseuh sok cuci muka heula ganti baju terus tidur ya cuci kaki ","Negative"
0,"daripada yang mention nya pocong mbak he he he ","Neutral"
0," pocong dzaman nau","Neutral"
0," kan aku enggak ubah jadi pocong ","Neutral"
-4," hmm cerita salah satu santri di pondok gue dulu yang kejar pocong","Negative"
0," aku baca pocong mbak t t","Neutral"
0,"nak tengok cerita pocong ","Neutral"
-5," anjir sih pocong parah marahin noh ","Negative"
0,"lagi tunggu pocong datang krrumah gue ","Neutral"
4,"ini asli apa pocong yang punya prank prank yutuber welcomebackpocong","Positive"
0,"masuk dan tonton live pocong p ramal di bigolive keyco wedding ","Neutral"
0," bang pocong pasti","Neutral"
2," iya woy sumpah waktu diceritain begitu langsung pada tatap an terus adek kelas ditanyain kamu nemu ","Positive"
-4,"kak dicky itu takut banget sama yang nama pocong dickyfact","Negative"
-3," i fikir dorang keluar je jadi pocong","Negative"
0," enggak mau pakai tali pocong saja enggak","Neutral"
-2,"jadi panitia kan pada bikin pocong an boongan begitu loh cuma bikin tapi adek kelas pada lapor lihat banyak ","Negative"
-6," kan pocong juga setan enggak an boongan begitu loh cuma bikin tapi adek kelas pada lapor lihat banyak ","Negative"
-4," setan bukan pocong ","Negative"
-3," padahal kita les nya sama pocong budeg ya oh cuma bikin tapi adek kelas pada lapor lihat banyak ","Negative"
-2," nasib dunia ini tak balik sia i nak naik hantu beb gentle sakit macam i patah pocong nye bapak nye tengkorak","Negative"
3," peluk sama pocong","Positive"
-3,"mampus gue takut sendiri gua ira guling yang gua pelukin pocong bangsat rupa sih bentuk","Negative"
-1,"watching kumpul prank pocong di pelosok nusantara lama bulan ramadhan gila","Negative"
4," ok mimpi pocong ya biar dia sng","Positive"
0," kaget gue di rep sama yang ava nya pocong","Neutral"
0,"yang ditwit sama pocong sudah pernah ditwit sama selebtwit yang lain tapi indak apa pasar beda waktu ","Neutral"
2,"rt netizen facebook sama segitiga saja takut netizen twitter ada pocong muncul sambut dengan sukacita ","Positive"
-5,"aku dengar podcast truss ada suara dan yang datang adalah pocong saja rinding bodoh ini semua karena sih batu","Negative"
4,"pocong asli ","Positive"
0," pocong bisa kesal juga ya selow om ","Neutral"
-2," enggak mau nanti ketemu pocong selebtwit ituoh cuma bikin tapi adek kelas pada lapor lihat banyak ","Negative"
0," baru tau aku itu pocong di kubur bisa mandi ","Neutral"
0," gaperlu ah pocong saja bisa tenar apalagi ehem","Neutral"
-2," pocong cengok enggak ada kapasin dulu h cuma bikin tapi adek kelas pada lapor lihat banyak ","Negative"
-3," lagi takut pocong nih mau ikut ","Negative"
0," siap sok ben enggak kaget lak ddi pocong","Neutral"
0," pocong yang punya twitter","Neutral"
-1,"rt dari zaman baru lahir sampai pocong muncul kembali hahaha nemu ini di liked twitter kali welcome back ","Negative"
3,"rt imagine bantal peluk korang tukar jadi pocong","Positive"
-4,"lucknutt teman nya pada kabur semua dan baru tau pocong gaya baru pakai spanduk bukan kain ","Negative"
4," sep tiati nanti jadi pocong benar","Positive"
0,"rt pocong sudah balik ke twitterawkarin sudah balik ke twitterkamu kapan balik sama akuhash ramashok ","Neutral"
-4,"rt lagi rame balik di twitter jadi ingat ini salah satu tampil publik pertama di sama gua masih bayang anak","Negative"
0," baru nongol sudah ajak ribut nih pocong","Neutral"
0," haa mbo pikir pocong ye colot barang","Neutral"
-2," ih kemarin aku tonton ini kocak btw ada tuh yang nemu pocong jadi anan publik pertama di sama gua masih bayang anak","Negative"
0,"min boleh nih min tambah sesi uji nyali yang jadi pocong sih mingyu sama hanbin ","Neutral"
0," jaga pocong enakmh sambil ngupi","Neutral"
0,"pocong kalo renang kayak bagaimana ya ","Neutral"
0,"rt pocong sudah balik ke twitterawkarin sudah balik ke twitterkamu kapan balik sama akuhash ramashok ","Neutral"
-4,"pocong pun ret istighfar kalah aku yang nemu pocong jadi anan publik pertama di sama gua masih bayang anak","Negative"
0," bisa dong sama pocong","Neutral"
0," hamdalah ada yang tanya wlpun pocong ","Neutral"
-4," enggak usah sok sok jadi pocong lu gua samperin auto musyrik lu","Negative"
8,"ajar dari pocong dari dulupakaiannya itu itu saja hidup sederhana ","Positive"
-4,"anjing pocong bangsat ","Negative"
-12," lo mana sudah mau tengah malam nih pocong kok nongol kalau siang doang bagi shift siang sama emak lo ya cong ","Negative"
-2," tuh futsal apa pocong mumun sih rinding begitu","Negative"
1," tim lihat sampai pocong nya pergi bookmarks ku bagus ya keras kepala kalau sudah gasuka sama orang enggak ","Positive"
0," ubah jadi pocong","Neutral"
-7,"rt wkwkwk ini pocong mangkal mana sih ","Negative"
0," foto foto anak twitter bukber terus kayak kasih caption ini mah baru selebtwit poconggg who kayak g ","Neutral"
0," halo hooman calon pocong","Neutral"
-7," kepo lu anjing pocong ","Negative"
0,"niat prank jadi pocong bocah ini malah samper polisi ","Neutral"
0," kayak videony pocong waktu itu","Neutral"
-1,"rt ada yang pernah tampak pocong lompat ada yang guling ada juga tampak bola api tak tinggal langsuir yang tenggek dekat","Negative"
0,"gua kembar pocong enggak nya ","Neutral"
-1,"ada yang pernah tampak pocong lompat ada yang guling ada juga tampak bola api tak tinggal langsuir yang bertengg ","Negative"
2,"rt hai sahabat baca pada heboh comebacknya mince mau bilang welcomebackpoconggg di dunia twitter ini nah ngomon","Positive"
-4,"rt lagi rame balik di twitter jadi ingat ini salah satu tampil publik pertama di sama gua masih bayang anak","Negative"
3," lagi laku suatu yang pocong enggak bisa laku hayo apa ","Positive"
4," tenang pocong stay pojok","Positive"
4,"main handphone jam non stop mampu ajar matematika menit mampus duh aku anaktwitter ","Positive"
7,"rt selamat datang kembali suka apa pocong tter ","Positive"
-4,"rt ini teori saya kenapa pocong itu jadi hantu yang paling takut orang layu berbeza dengan hantu lain yang tak pe","Negative"
-4,"rt lagi rame balik di twitter jadi ingat ini salah satu tampil publik pertama di sama gua masih bayang anak","Negative"
3," jangan takut ada pocong","Positive"
0,"kakak jadi pocong dong ","Neutral"
0," guling entar ubah jadi pocong ","Neutral"
-1,"rt dari zaman baru lahir sampai pocong muncul kembali hahaha nemu ini di liked twitter kali welcome back ","Negative"
0," kenapa ada pocong","Neutral"
-1,"lemang pocong pocong muncul kembali hahaha nemu ini di liked twitter kali welcome back ","Negative"
3,"imagine bantal peluk korang tukar jadi pocong","Positive"
0," kapan kapan kolab yuk kang mas ludah pocong","Neutral"
2," selebtwit kata lagi foto bareng capsnya ngebandingin mereka sama pocong haha","Positive"
-4,"rt definisi teman bangsat wkwkwkwkk teman nya jadi pocong datang polisi yang lain pada kabur terus yang jadi pocong mal","Negative"
-4,"definisi teman bangsat wkwkwkwkk teman nya jadi pocong datang polisi yang lain pada kabur terus yang jadi pocong ","Negative"
-4," ini maksud apa ya cong twitternya arief muhammad knapa pocong enggak nya tiga ","Negative"
0,"ya kaget dong masa di dapur ada pocong sama tepung cap segitiga dajjal biru jadi pocong ","Neutral"
0,"ada ada saja bocah ngeprank jadi pocong","Neutral"
0," sojong baca pocong ","Neutral"
0," pocong keliling ituloh","Neutral"
-7," kok bisa jadi pocong astaga","Negative"
0," enggak nemu twitnya pas cari malah dapat begini pocong gegeh jadi pocong ","Neutral"
-4,"rt lagi rame balik di twitter jadi ingat ini salah satu tampil publik pertama di sama gua masih bayang anak","Negative"
3," tak apa yang penting adek pocong","Positive"
0,"mau bikin klarifikasi ahjadi ya fellas mumun itu arti hantu jadi ada buah film yang hantu sebut mumun ","Neutral"
0," tau anjir dari pocong keliling ke tinkerbell ya allah kakak banget","Neutral"
0," lo mau endorse pocong min ","Neutral"
-2," kok pocong","Negative"
0,"rt mending lihat kuntilanak apa pocong gunderuwo kalian tiga nya muncul ada depan daripada lihat cewek pakai hijab pakai kacama","Neutral"
-2," pocong memang cuma dia saja di platform ini liff cmon ","Negative"
-3," masak pocong takut sama sambosa segitiga","Negative"
0,"lagi mikir pocong makan apa ","Neutral"
4," enggak berani tonton yang dua sih satu saja sudah begitu jir ingat banget yang pocong geret lihat cewek pakai hijab pakai kacama","Positive"
0,"kakak farel stop bikin thread aneka ragam pocong","Neutral"
0," yang jadi pocong eh enggak tau deng","Neutral"
0," pocong saja hapenya ipon eks","Neutral"
0," pocong","Neutral"
0," masa gatauayah pergi ibu pergi aku sendiri ada tali kugantung diri tali putus gigit tikus tikus ","Neutral"
-4,"gambar loh loh badan jin mulai jadi kotak cara gambar ini bentuk jin mana ya tolong ","Negative"
0," ya kenapa bisa pocong tinker l kayak ","Neutral"
0,"coba tiru guyon ala pocong komplot cowok garing jerome jomblo elite rodo ","Neutral"
-4,"rt lagi rame balik di twitter jadi ingat ini salah satu tampil publik pertama di sama gua masih bayang anak","Negative"
0,"mama pocong serrr brrrr ","Neutral"
-1,"rt alas bagas tidur sini semalem ngantuk sudah malam dingin dengar cerita aku sama hajir tentang genderuwo","Negative"
-1," ya aku belum folo pocong sep gantuk sudah malam dingin dengar cerita aku sama hajir tentang genderuwo","Negative"
-1," pocong sandung dong sih jingga malah nebk tinkerbell dingin dengar cerita aku sama hajir tentang genderuwo","Negative"
-3," gebetan kirim video yang ada boneka aku mau kasih kamu boneka ini dari pocong hilang sampai sih pocong kemba ","Negative"
0," pocong komplot cowok garing jerome jomblo elite rodo enas ","Neutral"
0,"rt pocong sudah balik ke twitterawkarin sudah balik ke twitterkamu kapan balik sama akuhash ramashok ","Neutral"
0," terus ini pocong kalo ngevidioinnya bagaimana ya ","Neutral"
0,"kenapa pada jadi pocong sih ","Neutral"
0," kayak pocong gen wkwkwk","Neutral"
0," btw itu aladin bang bukan pocong","Neutral"
0," itu aladin bukan pocong din","Neutral"
0," astagfirullah kamu pocong keliling apa tinker l ","Neutral"
0," tapi memang bentuk kayak pocong","Neutral"
0,"rt pocong sudah balik ke twitterawkarin sudah balik ke twitterkamu kapan balik sama akuhash ramashok ","Neutral"
-3," gua bingung sama lu lihat pocong lu sange ya","Negative"
0," pocong ini beda","Neutral"
0," tadi siapa yang bilang pocong kesandungotan cowok garing jerome jomblo elite rodo enas ","Neutral"
1,"lalu uri tinky buat jadi mirip pocong huhu ini karya ","Positive"
4,"rt alhamdulillah pocong lucu ku rodo enas ","Positive"
0," goblok jadi pocong","Neutral"
0,"rt pocong sudah balik ke twitterawkarin sudah balik ke twitterkamu kapan balik sama akuhash ramashok ","Neutral"
-4," yang direp yang lorenzo dong jangan jefri sih pocong jahat hhe ","Negative"
-3,"plis cara hilang mata pocong gimanasiku rodo enas ","Negative"
0," pol ","Neutral"
0," teman aku pocong dong ","Neutral"
0," enggak smsan sama pocong","Neutral"
-1," bayang dong pocong kalau lagi gatel bkl gesek ini badan kayak ulat bulu v","Negative"
-9," lagi pusing cong pikir hidup kok begini saja ya kalo bang pocong ini masih hidup kan ya ","Negative"
0,"rt tolong itu jin jadi pocong wkwkwkwkwk","Neutral"
2,"rt ira pocong sandung sumpah ","Positive"
0," baru tau gue pocong suara begitu","Neutral"
4,"alhamdulillah pocong lucu ku pol ","Positive"
0,"tolong itu jin jadi pocong wkwkwkwkwk","Neutral"
3," lagi cari kerja di bagi adminstrasi ini sudah enggak betah di kantor sekarang pocong please di your magic ","Positive"
0,"wkwkwkwkkw benar anjir tapi pocong kan setan setan bangsa jin ","Neutral"
1," mungkin kamu butuh jadi makhluk seperti pocong biar bisa begitu idjomatrix pol ","Positive"
0," kalau yang lu maksu sih pocong gue tonjok ini ","Neutral"
3,"mvp banget sumpah yang gambar pocong wkwk ","Positive"
0,"pocong itu mah wkwkk kakak brengshake ","Neutral"
-1," pocong sandung itu batu wkwkwkwk","Negative"
-2,"rt kakak banget sama pocong aduh siapa yang gambarrti pocong biar bisa begitu idjomatrix pol ","Negative"
-2,"kakak banget sama pocong aduh siapa yang gambar gambarrti pocong biar bisa begitu idjomatrix pol ","Negative"
0,"rt masa dari pocong ke tinker l anjir ini kocak banget deh wkwkwkwkkwkwk ","Neutral"
0,"masa dari pocong ke tinker l anjir ini kocak banget deh wkwkwkwkkwkwk ","Neutral"
0," robot dan pocong ","Neutral"
4,"kamu pocong yang suka ngeprank ","Positive"
4," lihat yang akhir benar pocong kwkwkwkw","Positive"
2,"ira pocong sandung sumpah ","Positive"
2,"rt ini lebih mirip pocong bisa begitu idjomatrix pol ","Positive"
0," wkwkwkwkwkwk jadi pocong","Neutral"
0,"siapa yang gambar pocong wkwwkwk","Neutral"
0,"watched pocong the origin tadi bakal ada yang dua ya gais ","Neutral"
0,"pocong ","Neutral"
2," ini lebih mirip pocong bisa begitu idjomatrix pol ","Positive"
0,"kayak pocong atauga casper wkwkkwkwkwkwwwkkw ","Neutral"
0,"kakak itu pocong yang gambar akhir wkwmwkwkkwkw ","Neutral"
0,"teman gua habis lihat pocong untung gua di kasih unjuk enggak peka jadi gua galiat ","Neutral"
0,"ngapa pocong woy ","Neutral"
0,"kenapa jin jadi pocong ","Neutral"
4,"benar jadi pocong wakakakkakakakaka ","Positive"
0,"monangis gambar belum kayak pocong ","Neutral"
-2,"lama kayak pocong ","Negative"
-4,"rt orang yang caper di tweet pocong minggu lagi juga sudah bosan ","Negative"
0,"cuci mata banget buka twitter walopun ada pocong kliweran ","Neutral"
0,"lagi heran ini pocong gentayang lagi ","Neutral"
-3," lagi tunggu kapan nih pocong hilang dari twitter","Negative"
-3,"pas gambar gue nanti keluar jadi tali pocong perawan ","Negative"
0,"rt pocong sudah balik ke twitterawkarin sudah balik ke twitterkamu kapan balik sama akuhash ramashok ","Neutral"
0,"masuk dan tonton live pocong p ramal di bigolive ","Neutral"
0," itu selebtwit jam dahulu kala wkkwkwkwkwkkw yang tulis buku pocong bukan pocongtapi kita kan ocong cowok l vmjdo e","Neutral"
0,"wkwk yakali kreatip banget ngeprank jadi pocong tapi pakai spanduk ","Neutral"
0," rase pocong aku dibuatnye","Neutral"
5,"rt pocong sambut sukacita anak presiden dibullly stan mbak e nya tiga warga indonesia","Positive"
2,"rt netizen facebook sama segitiga saja takut netizen twitter ada pocong muncul sambut dengan sukacita ","Positive"
0," pocong gue takutin lu entar loh ","Neutral"
-3,"rt omg pocong kembali ku kira sudah fix jadi anak instagram pocong bukan pocongtapi kita kan ocong cowok l vmjdo e","Negative"
0," kakak banget kak wkwk yang pocong giling apalagi nstagram pocong bukan pocongtapi kita kan ocong cowok l vmjdo e","Neutral"
0," lagi lihat pocong kak yang pocong giling apalagi nstagram pocong bukan pocongtapi kita kan ocong cowok l vmjdo e","Neutral"
-7,"rt wkwkwk ini pocong mangkal mana sih ","Negative"
4," malaikat munkar nakir marobukaa army pocong hyunsuk eh junkyu eh mashiho eh yedam ehhhh jeder ","Positive"
0," satu mansion misi mulai dari besok malam saat huni sedang hura hura kita harus jadi pocong yang bersahaj ","Neutral"
0," pocong tgv cinemas ini setiawangsa wilayah sekutu kuala lumpur ","Neutral"
-1,"nyanyi malam iniada pocong di pohon pisangpisangnya kuning pocong putihaku tahu maksud diri mudiam diam l ","Negative"
0," jangan pocong","Neutral"
0," aku doain kamu jadi pocong ini ","Neutral"
13," karena pocong watugajah nyata benar jadi tidak ada cara lain selain iman untuk jadi berani wkwkwk","Positive"
0," eh ada begitu kak pocong nama yuyuun ","Neutral"
0," terus digangguin pocong","Neutral"
0," iya dia pocong borjuis di alam baka","Neutral"
0," kayak apa begitu ya se eh ada begitu kak pocong nama yuyuun ","Neutral"
0," ya juga ini pocong kan wang nya banyaaa ya hihihi uun ","Neutral"
-1,"memang ya anak kecil yang paling peka lihat begitu habis lihat pocong terus dia bilang di rumah itu pocong nya pind ","Negative"
-5,"rt tahi bilang saja saksi palsu mending kalian bawa pocong kalian untuk saksi ","Negative"
0,"masuk dan tonton live pocong p ramal di bigolive keyco wedding ","Neutral"
0," pocong mu wkwkwk","Neutral"
-4,"rt orang yang caper di tweet pocong minggu lagi juga sudah bosan ","Negative"
0,"masuk dan tonton live pocong p ramal di bigolive keyco wedding ","Neutral"
0,"masuk dan tonton live pocong p ramal di bigolive keyco wedding ","Neutral"
0," pocong kalo balas mention para peri begini nih ","Neutral"
0," pacar pocong","Neutral"
-4,"rt lagi rame balik di twitter jadi ingat ini salah satu tampil publik pertama di sama gua masih bayang anak","Negative"
2,"rt netizen facebook sama segitiga saja takut netizen twitter ada pocong muncul sambut dengan sukacita ","Positive"
5,"lihat pocong ada di amrik jang wonyoung kamu cantik wadaw slebew","Positive"
5," iya loui benar banget mau ikut cosplay jadi pocong enggak ","Positive"
-7," mana pocong bang gue takut","Negative"
-1," follow back lah dasar pocong tak kenang budi","Negative"
0,"poconggg balik main twitter saja diomongin bilang lalu lebih reaksi netizen padahal kalo buat ukur foll ","Neutral"
4,"soal mai kubur aka ktm pocong jadi suka lompat ","Positive"
0," biar couple sama pocong ","Neutral"
0,"di bogor mah kalo ada bi jam ramenya kloter kak nya tengah malrm pocong kunti genderewo tuyul limusakeret kul ","Neutral"
-3,"ketika twit rame sama sih pocong yang kembali alam twitter ku coba search akun vincent tapi enggak nemu enggak cuma aku ","Negative"
-5," astaga ira pocong ","Negative"
0,"pocong pun boleh istighfar kalian bila lagi ","Neutral"
0," ira jadi pocong ","Neutral"
0," tgkla pocong hehehe","Neutral"
0,"pocong pocong apa yang disenengin sobat misqueen pocong harga iya iya iya ","Neutral"
1,"jangan rt atau like foto pocong pocong dong enggak suka gue takut ","Positive"
0," tuyul kalo sudah gede ke remaja jadi pocong","Neutral"
0," akun pocong","Neutral"
-2," ya allah hensem rupa pocong ini setelah teliti oba search akun vincent tapi enggak nemu enggak cuma aku ","Negative"
0," lagi lihat pocong loncat loncat","Neutral"
0," aku pocong","Neutral"
-4,"apabila pocong baru ingat dosa ","Negative"
0,"rt uniqlo kali kaws kaos diludahin pocong makanya pada rela antri","Neutral"
-2," masa pocong nya longo e teliti oba search akun vincent tapi enggak nemu enggak cuma aku ","Negative"
0,"rt pocong sudah balik ke twitterawkarin sudah balik ke twitterkamu kapan balik sama akuhash ramashok ","Neutral"
-2," pocong saja twitter for iphonegue kapan teliti oba search akun vincent tapi enggak nemu enggak cuma aku ","Negative"
-2,"bazir duit tengok pocong tapi lagu ost dia dap teliti oba search akun vincent tapi enggak nemu enggak cuma aku ","Negative"
0,"sinetron suzana mulu yang tayang kali kali sinteron jadi pocong begitu yang pocong mumun dan pocong jefry","Neutral"
0,"kalo kejar pocong team lari zigzag atau team baca doa ","Neutral"
4," mantap ramal sih pocong ","Positive"
0,"ibu boleh cerita ada anak kawan dia tampak pocong kat bangun parking hkl adoi kaknab deh lah kalau training bal ","Neutral"
3," enggak penting bagi pocong tapi penting bagi kunti ","Positive"
0,"pocong mau bagi iphone v ","Neutral"
0," pocong ","Neutral"
0," kata pocong kamu gapenting ","Neutral"
-4,"rt tidak pernah memfollow pocong karena tidak ingin ikut setan","Negative"
0," kepala ada pocong mini","Neutral"
0," pikir pocong ambil hp bagaimana","Neutral"
0,"bilang pocong hadeh ","Neutral"
0,"gara gara pocong balik ke twt teman rl pada balik ke twt juga ","Neutral"
-4,"rt lagi rame balik di twitter jadi ingat ini salah satu tampil publik pertama di sama gua masih bayang anak","Negative"
4,"itu sih pocong benar benar di akherat pakai segala muncul ke muka bumi","Positive"
0,"rt taman endog di sumedang plontos tanpa rambut cam itu ki sanak pocong larang komentar ","Neutral"
-2,"asa gue enggak follow pocong tapi kok tadi ecek gue ngefollow ya","Negative"
0," enggak mau pocong tepos","Neutral"
0,"rt pocong sudah balik ke twitterawkarin sudah balik ke twitterkamu kapan balik sama akuhash ramashok ","Neutral"
0," pocong ini laki ke perempuan","Neutral"
0," memang pocong tau iluminati ","Neutral"
0,"rt awkarin dan pocong sudah mulai kenal mbak siskaeee","Neutral"
5," ini spa lagi pocong cantik ya allah","Positive"
0," ih kalo pocong benar boro foto yang ada aku kabur pocong larang komentar ","Neutral"
3,"rt kalau ada pocong yang ngintipin kamu dari jendela jangan takut ya dia memang sengaja aku suruh buat jaga kamu tidur ","Positive"
0,"rt pocong sudah balik ke twitterawkarin sudah balik ke twitterkamu kapan balik sama akuhash ramashok ","Neutral"
0," sini baku hantam kamu pocong kalo pocong benar boro foto yang ada aku kabur pocong larang komentar ","Neutral"
0," kamu pasti pocong muslim ya enggak mau jadi iluminati","Neutral"
9,"cinta abang sama eneng bagai pocong ikat erat tanpa ada yang berani lepas ","Positive"
0,"thanks om hau atas ilmu tahu ghoib nya ku jadi tau pocong dan kuntilanak ada varian warna","Neutral"
-4,"lu kira google bisa jawab siapa milik akun twitter pocong g tiga enggak anjing makanya orang nanyanya ada ","Negative"
-4," tanya basi nih mas pocong","Negative"
-4,"rt lagi rame balik di twitter jadi ingat ini salah satu tampil publik pertama di sama gua masih bayang anak","Negative"
4," memang pocong ini benar sape sih ","Positive"
0,"rt pocong sudah balik ke twitterawkarin sudah balik ke twitterkamu kapan balik sama akuhash ramashok ","Neutral"
4,"rt apakah pocong yang belakang jadi topik populer di twitter adalah gang pocong di kalimongso ","Positive"
0,"rt pocong sudah balik ke twitterawkarin sudah balik ke twitterkamu kapan balik sama akuhash ramashok ","Neutral"
0," weh cikti pun ajak aku tengok pocong hahahaha","Neutral"
4," jangan bikin hani sewot mas pocong cepat minta maav atau nanti","Positive"
0,"rt pocong sudah balik ke twitterawkarin sudah balik ke twitterkamu kapan balik sama akuhash ramashok ","Neutral"
0," ya enggak apa-apa di taksir pocong ","Neutral"
-4,"rt lagi rame balik di twitter jadi ingat ini salah satu tampil publik pertama di sama gua masih bayang anak","Negative"
0,"tonton tranding vid yang prank pocong malah ciduk polisi ngalak banget bacain komennya makin kakak","Neutral"
0,"rt pocong sudah balik ke twitterawkarin sudah balik ke twitterkamu kapan balik sama akuhash ramashok ","Neutral"
0," lagi tapa biar bisa nangkep pocong","Neutral"
-4,"rt lagi rame balik di twitter jadi ingat ini salah satu tampil publik pertama di sama gua masih bayang anak","Negative"
-6,"turun tangga sambil pakai mukenah terus tiba bunda teriak lah ya aku juga ikut terus bunda bilang bikin ke ","Negative"
-4,"sih mbak inituh pakai baju merah nyala kayak mata pocong mumun terus dia pakai kupluk dengan warna nada duh gemas deh","Negative"
-4," pocong ju sok hahaha","Negative"
4," pocong enggak tau gue rame benar hari ini","Positive"
0,"ribut pucang pocong selebtwit selebtwat doi mah tambah kayak lah lu ","Neutral"
-7,"rt wkwkwk ini pocong mangkal mana sih ","Negative"
0,"what hehehhe sih pocong yang bilang loh bukan saya ","Neutral"
-4,"rt lagi rame balik di twitter jadi ingat ini salah satu tampil publik pertama di sama gua masih bayang anak","Negative"
-4," enggak mau malas en nangkep pocong yang p nya ","Negative"
-2," kok pocong bisa hidup dan main twitter ","Negative"
-4," ya kalo pocong datang lu pada kabur laahh","Negative"
0,"rt pocong sudah balik ke twitterawkarin sudah balik ke twitterkamu kapan balik sama akuhash ramashok ","Neutral"
-4,"pocong mah tetap selebtwit lejend malah selebtwit baru kalah sama dia apelo apelo balik pertama di sama gua masih bayang anak","Negative"
-4," cong bikin bisnis ternak pocong yuk","Negative"
-7," pocong takut sama segitiga ya efek apa cong ","Negative"
0," auto kakak lihat pocong jam dulu banget ah sama dia apelo apelo balik pertama di sama gua masih bayang anak","Neutral"
0,"aku search medan lastik asal keluar ritual panggil pocong ini adu aku deh agak fizik ada main bende halus ini ","Neutral"
0,"tahu saya pocong itu dulu anak twitter yang hijrah ke ig karena lebih rame kemarin pulkam ke twitter buat sapa follow ","Neutral"
0,"pocong siapa sih gue tau saleptuit jadul itu sih vicent yang muka kayak bola basket yang tuit cewek itu si ","Neutral"
0,"widih sudah ada langsung berita bang yang aktif lagi di twitter link ","Neutral"
-4,"aku punya buku analogi cinta sendiri sama pocong juga pocong astaga time flies sok fast ","Negative"
-4,"seram kalo pocong jefri yang balik ","Negative"
0," pocong sudah ada centang nya sorry ya","Neutral"
-5,"azab pocong nyarimasalah sama polisi ","Negative"
0," lah anjir gue bngetkmren kemarin gue baca thread kira kelapa ternyatakepala pocong kelar baca ","Neutral"
4," aku mah masih enggak berani dipelototin pocong mumun ","Positive"
2," banget ngapa tuh pocong enggak pakai gamis saja biar lucu dikit","Positive"
2,"rt netizen facebook sama segitiga saja takut netizen twitter ada pocong muncul sambut dengan sukacita ","Positive"
0,"keponakan datang ke rumah minta kertas buat gambar pas lihat hasil gambar pocong mah ","Neutral"
9,"cinta abang sama eneng bagai pocong ikat erat tanpa ada yang berani lepas ","Positive"
-2," pocong cuma butir tanah kubur banding dua orang ini jleb","Negative"
0," anak baru enggak tahu pocong bang","Neutral"
0," jadi tau nih sekarang siapa pocong wkwk","Neutral"
4," pocong balik kayak nya sudah lulus dari siksa malaikat","Positive"
0," ","Neutral"
0,"sudah follow pocong dari twitter doi masih aktif terus kemarin doi ngetweet enggak engah kalo tweet itutuh comebacknya gue ","Neutral"
0,"rt yang enggak pilih angka joanne yang pilihin terima saja tiap interaksi harus pakai bahasa enggak contoh hagaigi kegenagalagan","Neutral"
5," dear zarry analogi cinta sendiri poconggg juga pocong good ol days ","Positive"
1,"rt topik cinta beda agama is sok last year try cinta beda alam kamu manusia dia pocong ","Positive"
0,"wahai mutual ku pada masih hidup kan belum jadi pocong ","Neutral"
0,"rt pocong sudah balik ke twitterawkarin sudah balik ke twitterkamu kapan balik sama akuhash ramashok ","Neutral"
0,"anjir lihat pocong jadi pengin sushi","Neutral"
-4,"rt orang yang caper di tweet pocong minggu lagi juga sudah bosan ","Negative"
0,"rt pocong sudah balik ke twitterawkarin sudah balik ke twitterkamu kapan balik sama akuhash ramashok ","Neutral"
0," semua pocong sama saja ","Neutral"
0," jangan lupa follow pocong ","Neutral"
-6,"rt telat cong sudah mati saja manggil ustaz coba pas hidup sih mati aman gakkan jadi pocong alagan","Negative"
0,"rt pocong sudah balik ke twitterawkarin sudah balik ke twitterkamu kapan balik sama akuhash ramashok ","Neutral"
0,"bukan pocong kucing ya tementemen tapi masih gerak sampai loncat begitu kucing","Neutral"
0,"yang enggak pilih angka joanne yang pilihin terima saja tiap interaksi harus pakai bahasa enggak contoh hagaigi gen ","Neutral"
0,"rt pocong sudah balik ke twitterawkarin sudah balik ke twitterkamu kapan balik sama akuhash ramashok ","Neutral"
4," kamu bikin kakak deh enggak asli bukan pocong dia nya tinggal kan nah kayak masih gerak begitu sampai loncat ","Positive"
-3," pocong kayak kamu mes amat jadi enggak sia sia mati nya","Negative"
0," pocong adalah netijen mereka netijen aku netijen kita netijen hail hydraaa ","Neutral"
0,"rt first time aku jumpa pocong kelate ini enggak contoh hagaigi gen ","Neutral"
0,"rt pocong sudah balik ke twitterawkarin sudah balik ke twitterkamu kapan balik sama akuhash ramashok ","Neutral"
-5," bukan hanya jahat jalan yang tim jaguar bisa tangkap bahkan hal hal mistis seperti hantu pocong pocong punya ","Negative"
1," kakak iya lah kira pocong terbang suutangkap bahkan hal hal mistis seperti hantu pocong pocong punya ","Positive"
-3," itu begimana cerita sudah mati tapi masih loncat loncat pocong kucing kah ","Negative"
1," kamu mirip pocong","Positive"
1,"first time aku jumpa pocong kelate ini hal hal mistis seperti hantu pocong pocong punya ","Positive"
0," ha jadi pocong ","Neutral"
0,"rt pocong sudah balik ke twitterawkarin sudah balik ke twitterkamu kapan balik sama akuhash ramashok ","Neutral"
0," mentang ada pocong bikin anak sembarang mau iphone ","Neutral"
0,"rt pocong sudah balik ke twitterawkarin sudah balik ke twitterkamu kapan balik sama akuhash ramashok ","Neutral"
0," kalo pocong lihat ini pasti dia akan kata sudah ambil saja lahan gua di twitter gua sudah kayak enggak butuh lagi jadi selebtwitt ","Neutral"
0,"rt pocong sudah balik ke twitterawkarin sudah balik ke twitterkamu kapan balik sama akuhash ramashok ","Neutral"
-2," kok cakep jadi pocong jangan divuka lagi ya maz","Negative"
0,"rt pocong sudah balik ke twitterawkarin sudah balik ke twitterkamu kapan balik sama akuhash ramashok ","Neutral"
-1,"sama jom tengok wayang a jom jom tengok pocong sama oh takpelah jom pergi tengok perabot nak ","Negative"
-4,"rt lagi rame balik di twitter jadi ingat ini salah satu tampil publik pertama di sama gua masih bayang anak","Negative"
-3," ha sih pocong eta banding sama ini untung enggak zarry ya serius ini urat malu mana ya kalo ada tau ","Negative"
4," jadi pocong benar tau rasa lu","Positive"
-4," wkwkwkwkw kalah sama pocong","Negative"
0,"rt pocong sudah balik ke twitterawkarin sudah balik ke twitterkamu kapan balik sama akuhash ramashok ","Neutral"
-3,"cemana acc pocong ini boleh verified sia serius ini urat malu mana ya kalo ada tau ","Negative"
-2," aku baru baca beberapa reply seleb yang aku tau iya biasa saja eh yang lain yang seleb aku enggak tau pada ","Negative"
-4,"rt tidak pernah memfollow pocong karena tidak ingin ikut setan","Negative"
4," yaela pocong mulu yang sebut dari kemarin nih mentang mentang kambek enggak kangen bang radit alit sama bena oceh tiap malam ","Positive"
-4,"entah apa sejak muncul pocong ke tl ini saya jadi malas buka twitter lagi meski sekarang lagi buka twitter ","Negative"
-2," untung enggak dia rekam guys pocong guys ku tau iya biasa saja eh yang lain yang seleb aku enggak tau pada ","Negative"
0," kakak kan kira pocong bege","Neutral"
0," selebtwit apa enggak ada yang gua kenal masih tau pocong gua ngahahah","Neutral"
0,"masuk dan tonton live pocong p ramal di bigolive keyco wedding ","Neutral"
-4,"rt lagi rame balik di twitter jadi ingat ini salah satu tampil publik pertama di sama gua masih bayang anak","Negative"
-4,"rt orang yang caper di tweet pocong minggu lagi juga sudah bosan ","Negative"
0," pojok stasiun tugu yogya banyak artis pocong dadak dan kalau mau photo bareng asih dui ","Neutral"
4," fenomena pocong n awkarin balik ke twitter dahsyat itu kah sampai bisa bawa orang balik ke twitter lagi ","Positive"
0,"dari dulu enggak kenal akun pocong kenal anonim n da dan kalau mau photo bareng asih dui ","Neutral"
-4," pocong mumun keleus sok sok white walkers","Negative"
-2,"pagi setelah subuh bu rt lewat situ dan kaget treak sampai rumah kemudian cek sama apa rt tawan deh cuma p ","Negative"
0,"dulu pas bulan ramadhan malam bukan teraweh gue malah asih ide ke teman buat iseng buat pocong dari peleph tapi ","Neutral"
0,"aku lebih pilih ketemu pocong kuntilanak atau sundel bolong daripada harus ketemu sama sodara tetangga atau orang a ","Neutral"
4," ha gakenal salebtwt gue malah cari pocong benar tampak pocong maksud","Positive"
0,"ini baru selebtwit pocong who ","Neutral"
0," kayak pocong","Neutral"
-8," pernah foto sama pocong tapi kok dia enggak lompat lompat begitu sih kenapa tuh cong teman lu ","Negative"
0," omonaaaa enggak lah anjer aku bukan kaesang atau pocongus ketemu sama sodara tetangga atau orang a ","Neutral"
1,"okay cerita pocong ada kelakar and sedihhhh esang atau pocongus ketemu sama sodara tetangga atau orang a ","Positive"
0," maaf tapi gue lebih kenal pocong daripada yang di foto","Neutral"
-4,"setelah pocong comeback muncul setan setan receh memang sudah enggak ada harga diri setan di indonesia ","Negative"
0," pocong ternak mobil atau ternak keranda ","Neutral"
0," kapan nih kolab netflix buat film tentang pocong masa di netflix deh release jinn a ","Neutral"
0," ada apa di video ini pocong ","Neutral"
0,"sebel banget army bomb nya kayak pocong","Neutral"
0," pocong kalo ngupil bagaimana ya ","Neutral"
0," hantu itu jin yang menyerupai suatu misal kuntilanak genderuwo pocong kalau arwah itu kayak manusia ya ","Neutral"
0," lagi komen tweet nya pocong","Neutral"
3,"tumben banyak notif ada twit besar sekal pengaruh pocong di dunia pertwiteran negara berflowerz kayak manusia ya ","Positive"
0," sorry gua kalo malam jadi pocong","Neutral"
0," hyung pocong katax kombek ya","Neutral"
0," dear pocong dari tweet atas sae au ","Neutral"
-2,"rt untung cuma pocong yang kambek suzanna belum bangkit dari dalam kubur kan ","Negative"
-7,"rt wkwkwk ini pocong mangkal mana sih ","Negative"
0," gara foto habis bukber kayak misal bayujo lulu ristyrianda begitu di sebar terus capt nya begini ini selebtwe ","Neutral"
-3," doi enggak tau saja pocong sampai buat segment di acara the hits yang nama kepo alias ketemu pocong dar ","Negative"
-4," itu yang sedang di tanya pocong wae seram apalagi premane pocong etemu pocong dar ","Negative"
2,"tak boleh b lah di haha ini pocong ini siapa di dancer ke ","Positive"
0,"rt pocong sudah balik ke twitterawkarin sudah balik ke twitterkamu kapan balik sama akuhash ramashok ","Neutral"
-2," tahun main twitter satu foto itu enggak ada yang gue kenal tau cuma pocong sama gofar dari dulu kali ","Negative"
-4," apakah jiwa iri pocong ","Negative"
2," pocong itu sapa sih enggak kenal gue sumpah ","Positive"
0,"aku mau nge tweet tapi enggak mau etik mau omong saja biar kayak pocong","Neutral"
-4,"rt lagi rame balik di twitter jadi ingat ini salah satu tampil publik pertama di sama gua masih bayang anak","Negative"
0,"rt pocong sudah balik ke twitterawkarin sudah balik ke twitterkamu kapan balik sama akuhash ramashok ","Neutral"
0," pocong itu tengok teaser dulu pon alahai macam xsedappp ponn","Neutral"
0,"rt pocong sudah balik ke twitterawkarin sudah balik ke twitterkamu kapan balik sama akuhash ramashok ","Neutral"
-1," oh gitubtw mutualan yuk wahai istri pocong","Negative"
0," pocong sudah ada dari jam gue sd monyet gilaluya wkwk","Neutral"
-4," oooohh vid yang hantu pocong itu ke r jadi ingat ini salah satu tampil publik pertama di sama gua masih bayang anak","Negative"
0,"rt pocong sudah balik ke twitterawkarin sudah balik ke twitterkamu kapan balik sama akuhash ramashok ","Neutral"
-1,"tidur siang mimpi kejar pocong bangun bangun nyata gerah enggak pakai kipas atau ac nightmare a di sama gua masih bayang anak","Negative"
0," scroll twitter ada rame rame apa nih nih baru selebtwit pocong who ada satu orang yang ikut komentar sambil ","Neutral"
0,"for your fyi buat kalian anak twitter dulu ada miduns dan androkristian yang sudah jadi selebtwit dari saja ","Neutral"
-4," mana pocong anak ketangkep ini ","Negative"
0,"rt pocong sudah balik ke twitterawkarin sudah balik ke twitterkamu kapan balik sama akuhash ramashok ","Neutral"
0," kata pada senior di twitter tapi pocong saja enggak tau hahaha","Neutral"
0," jadi arief iru pocong ","Neutral"
0," pertama kali bikin twitter follownya pocong sama radityadika ini kagak kenal semua saya bagaimana dong ","Neutral"
-2," memang tuh pocong sebal banget wkkwkw","Negative"
0," ajak ping biar enggak ribut mulu sama pocong","Neutral"
-1," paling kesel begitu kalo ada twett dia komen tapi akun di lock dasar ghaib lebih pocong t ","Negative"
-1,"rt itu game seru banget teman gue yang enggak punya asma sampai asma gara gara kejar pocong asma saya kambuh hhhh hhhhh be","Negative"
-2," gue tau pocong doang ","Negative"
0,"lagi colong tali pocong biar sugih ","Neutral"
9," aduhhhh sekarang pocong bangkit dari kubur untuk temu gemar setia ","Positive"
0," mata item kayak pocong yang di critain ","Neutral"
0," premane pocong sopo pak","Neutral"
0," ya allah lu enggak kenal pocong ","Neutral"
0,"di dunia pocong ada pocong preman enggak ","Neutral"
0," nih pocong ","Neutral"
0,"rt pocong sudah balik ke twitterawkarin sudah balik ke twitterkamu kapan balik sama akuhash ramashok ","Neutral"
1,"rt santai bang pada saat lu bakal jadi pocong kok","Positive"
0," lagi mau coba jadi pocong juga","Neutral"
-4,"rt lagi rame balik di twitter jadi ingat ini salah satu tampil publik pertama di sama gua masih bayang anak","Negative"
0," minta di tempeleng memang itu sih pocong","Neutral"
0," gakenal semua pocong pun yang sudah ku follow aku enggak tau siapa hahahahknp dulu aku follow aku juga lupa","Neutral"
0," ngitung berapa jarak yang telah tempuh pocong untuk keluyur dan rata lompat per meter","Neutral"
0," nih rin sih pocong songong ","Neutral"
-3,"pocong kambek riuh minta ampuuuun ","Negative"
0," pocong atau raditya ka fenomenal waktu itu karena mereka juga punya karya yang bisa jual kal ","Neutral"
-4," pocong kan setan wkwkwkwkwkwk","Negative"
5," mau ngetrack yang tadi pocong pocong ya kak cantik ","Positive"
-2," gue tau pocong doang","Negative"
0,"rt kunti itu kapel pocong ","Neutral"
0," siapa mereka saya tau sih pocong","Neutral"
0,"rt pocong sudah balik ke twitterawkarin sudah balik ke twitterkamu kapan balik sama akuhash ramashok ","Neutral"
0,"why i punya mom kalo lihat tempat makan rame selalu bilang ada pocong nya ","Neutral"
0," entar juga anda jadi pocong","Neutral"
3,"dia peluk sama usap muka gua dan memang di depan rumah gua di pager kampus itu ada pocong ","Positive"
-3," masa sama ketua geng takut kita kan ikut dia geng pocong ya yang bisa jual kal ","Negative"
0," sih sudah jadi slebtwit nah loh bedeketan deh sama pocong yeh siapa tau loh jadi seleb juga ","Neutral"
0,"rt iya pocong enggak ada orang mereka adek kelas pocong wqwq","Neutral"
-5,"besok kalo anak gue tanya sama dulu mama paling takut sama setan apa sama semenjak muncul lagi mama gatak ","Negative"
-8," itu yang foto juga bakal jadi pocong masa depan kok bukan cuma pocong vampir kuntilanak genderuwo setan semua","Negative"
-6,"jadi sia sia gua ke warung cuma buat di kejar kejar pocong doang hhh gua balik lagi dan gua teriak pocong lagi em ","Negative"
0,"rt pocong sudah balik ke twitterawkarin sudah balik ke twitterkamu kapan balik sama akuhash ramashok ","Neutral"
-4,"rt lagi rame balik di twitter jadi ingat ini salah satu tampil publik pertama di sama gua masih bayang anak","Negative"
0," ada pocong jual mangga","Neutral"
0,"rt pocong sudah balik ke twitterawkarin sudah balik ke twitterkamu kapan balik sama akuhash ramashok ","Neutral"
0," di kejar pocong pas mau ke toko nenek ini sih alam yang paling gua ingat gua pas umur tahun jam ","Neutral"
0," memang pocong bisa omong ","Neutral"
-4,"rt lagi rame balik di twitter jadi ingat ini salah satu tampil publik pertama di sama gua masih bayang anak","Negative"
0," maaf tapi pocong sudah gua ikut dari sampai sampai sekarang gua kuliah ","Neutral"
0,"rt pocong sudah balik ke twitterawkarin sudah balik ke twitterkamu kapan balik sama akuhash ramashok ","Neutral"
5," siapa ya enggak tau asli aku wkwk kaya pernah deh muncul di tv rame dia tuh dulu soanya ","Positive"
4,"enak ya bang arip muhamat alyas bang arief alyas pocong enggak pernah kesuspend acc nya","Positive"
-8," ih resep a mane mana deui sok aya pocong warna pink ","Negative"
4,"poconggg who poconggg who disamperin pocong benar ngacir lu nder","Positive"
0,"rt pocong sudah balik ke twitterawkarin sudah balik ke twitterkamu kapan balik sama akuhash ramashok ","Neutral"
-2," cuman tau ka itu karena drama eue xiximon maaf aku tau pocong","Negative"
1,"suara pocong macam hensem je kaya pernah deh muncul di tv rame dia tuh dulu soanya ","Positive"
0," mas pocong itu dulu punya buku ayang jo kalo kamu tau arief muhammad yutuber itu beliau ","Neutral"
0," gue enggak kenal semua yang di foto dan enggak kenal sapa itu sih pocong padahal gue twitter an sudah dari lol","Neutral"
-5," tahi bilang saja saksi palsu mending kalian bawa pocong kalian untuk saksi ","Negative"
-4," boleh pocong hina dengan syarat kafan yang gu ","Negative"
0," yaelah pocong gaikutan begitu juga doi sudah kayak raya gangaruh dia siapa juga ","Neutral"
0,"rt pocong sudah balik ke twitterawkarin sudah balik ke twitterkamu kapan balik sama akuhash ramashok ","Neutral"
0,"masuk dan tonton live pocong p ramal di bigolive girl surabaya ","Neutral"
0,"apa sama pocong ","Neutral"
-2," cuma tau firgi sama andihiyat wkwk btw pocong deh ada waktu aku masih main twitter di warnet hwkwk","Negative"
0,"rt pocong sudah balik ke twitterawkarin sudah balik ke twitterkamu kapan balik sama akuhash ramashok ","Neutral"
-4," dasar pocong kepo","Negative"
0,"aku macam belum sedia je nak tengok cerita pocong ini urabaya ","Neutral"
-3," lah sapa bilang lu pocong kan tadi ada kata rumit makanyaaa ","Negative"
0," lagi rencana mau bukain tali pocong terus aku colong wkwkwk","Neutral"
3," cie pocong tanya tanya nih mau siap masuk ke mimpi aku enggak cong ","Positive"
5," makim cinta sama pocong","Positive"
0," lagi pikir jadi pocong","Neutral"
-2,"adapun judul sinetron dan film yang pernah bintang adalah gerhana cintapuccino bukan pocong biasa bangkit ","Negative"
3,"laku pocong ","Positive"
0,"rt pocong sudah balik ke twitterawkarin sudah balik ke twitterkamu kapan balik sama akuhash ramashok ","Neutral"
-4," a maneh sok mikir teu sih lamun kira pereum kira sampo dihareupeun teh aya kuntilanak genderewo tuyul pocong keur narempokeun ","Negative"
0," apa lu mimpiin gue ha gue bukan pocong ","Neutral"
-1,"pocong bangkit dari kubur bikin geger kembali notif twitter aku yahalhamdulillah ","Negative"
-4," paan tuh pocong ang pernah bintang adalah gerhana cintapuccino bukan pocong biasa bangkit ","Negative"
1," wah entar pocong kena tanda like atau re twit mesti waspada bisa enggak kembali lama entar cong ","Positive"
0," jangan jangan lu pocong","Neutral"
0," itu pocong kalo nge cas hapenya bagaimana ","Neutral"
0," masa enggak tau pocong lo nder","Neutral"
-6," pocong bacot banget heran ","Negative"
-4,"rt lagi rame balik di twitter jadi ingat ini salah satu tampil publik pertama di sama gua masih bayang anak","Negative"
4,"rt apakah pocong yang belakang jadi topik populer di twitter adalah gang pocong di kalimongso ","Positive"
-5," sama yang balas hah serius enggak tau pocong mana saja pasti baru main twt ha bacot","Negative"
-4," kira kapan susul jadi pocongadi ingat ini salah satu tampil publik pertama di sama gua masih bayang anak","Negative"
0," pocong bisa apasih ","Neutral"
0,"pada ribut apa sih pacang pocong pacang pocong","Neutral"
0,"rt sini mas pocong foto dulu ","Neutral"
0," lagi lihat pocong ngevlog","Neutral"
-4,"itu yang nyinyir akun pocong banyak bikin akun anak baru saja banyak gaya main ig saja sana di sama gua masih bayang anak","Negative"
-4,"cerita pocong ini banyak lawak dari seram lol","Negative"
0," pantesan jadi pocong ","Neutral"
0," dan pocong duit banyak banget bang","Neutral"
5," kata bang pocong kan tweet atas enggak penting haha","Positive"
4," asli gue kenalny sama pocong mereka enggak kenal","Positive"
0,"rt pocong sudah balik ke twitterawkarin sudah balik ke twitterkamu kapan balik sama akuhash ramashok ","Neutral"
-2," sorry aku lebih kenal pocong duluan dari mereka yang aku kenal cuma bayujoo andi sama seterahdeh kamu anak baru ya","Negative"
-3," semua yang di foto yang replyyg likeyg rtyg kuotyg ngliatyg ngetuityg asih fotombesok kalo mati kak ","Negative"
-3,"rt ini setan lucu banget deh setelah hilang akhir balik lagi","Negative"
0,"rt pocong sudah balik ke twitterawkarin sudah balik ke twitterkamu kapan balik sama akuhash ramashok ","Neutral"
-1,"rt dari zaman baru lahir sampai pocong muncul kembali hahaha nemu ini di liked twitter kali welcome back ","Negative"
2,"rt netizen facebook sama segitiga saja takut netizen twitter ada pocong muncul sambut dengan sukacita ","Positive"
0," lihat pocong","Neutral"
0," lagi tunggu mbah pocong","Neutral"
0,"jembut pocong ludah pocong","Neutral"
0," pas jam poconggg lo belum lahir ya wkwkwk padahal dulu doi ngehitz banget sampai ada film poconggg juga pocong hiyak","Neutral"
-2," generasi setelah pocong zarry shiltlicious mereka itu jadi kalau main lama banyak yang enggak tau","Negative"
0,"rt pocong sudah balik ke twitterawkarin sudah balik ke twitterkamu kapan balik sama akuhash ramashok ","Neutral"
0," astagfirullah pocong pernah kentang itu","Neutral"
-3,"yang sekarang enggak tau pocongyang dulu enggak tau selebwtit sekarangdah ngausa ribut entar mati juga ndiri ndiri ","Negative"
6,"rt krt mau tanya ini minki benar lagi cosplay jadi gigi gue kira ini pocong sumpah wkwkwkw ","Positive"
-7,"rt wkwkwk ini pocong mangkal mana sih ","Negative"
-2," pocong kok tanya nya kayak cowok habis topik wkwkw","Negative"
0,"rt pocong sudah balik ke twitterawkarin sudah balik ke twitterkamu kapan balik sama akuhash ramashok ","Neutral"
3," enggak penting kata pocong juga ","Positive"
-4,"rt lagi rame balik di twitter jadi ingat ini salah satu tampil publik pertama di sama gua masih bayang anak","Negative"
0," pocong enggak lompat","Neutral"
-2," kasihan sih masa ngatau pocong pasti masa kecil ngaperna lihat jefri sama mumun sampai ngatau pocong ua masih bayang anak","Negative"
0," bukan gue pocong yang bilang ","Neutral"
-4,"cong pocongsaya mau daftar jadi pocong syarat apa ya cong ","Negative"
0," belum follow beberapa dari mereka sudah lebih dulu follow pocong alit bena radit yang aku tau mereka sama manusia ayang anak","Neutral"
-4,"rt orang yang caper di tweet pocong minggu lagi juga sudah bosan ","Negative"
9,"cinta abang sama eneng bagai pocong ikat erat tanpa ada yang berani lepas ","Positive"
0,"rt pocong sudah balik ke twitterawkarin sudah balik ke twitterkamu kapan balik sama akuhash ramashok ","Neutral"
0," noh bayu joo pocong nya","Neutral"
-2," paket hemat sampai sih ya cuma modal beli es pocong di lapmer minum di basecamp rumah inta untuk mereka sama manusia ayang anak","Negative"
0,"rt pocong sudah balik ke twitterawkarin sudah balik ke twitterkamu kapan balik sama akuhash ramashok ","Neutral"
0,"rt pocong sudah balik ke twitterawkarin sudah balik ke twitterkamu kapan balik sama akuhash ramashok ","Neutral"
-3," apa lo cong bangun pagi jual bubur ayam ingat lo pocong","Negative"
0," mau ke klub malam kalau pocong ","Neutral"
0," pocong enggak datang jadi bahan omong wkwwkw","Neutral"
0," pocong kalo mau makan bagaimana ","Neutral"
0," mau tanya nih pocong kalo lagi magrib begini apa ","Neutral"
4," betul pocong radit itu adalah the real selebtwit","Positive"
0," pocong kepleset kulit pisangq","Neutral"
0," iya pocong enggak ada orang mereka adek kelas pocong wqwq","Neutral"
-5," sumpah deh kalo ketemu mereka di jalan engah pun enggak takut kalah tenar ya dengan kembalinyaa pocong kibashijab","Negative"
0,"rt pocong sudah balik ke twitterawkarin sudah balik ke twitterkamu kapan balik sama akuhash ramashok ","Neutral"
-3,"sirkel itu kan status quo banget datang invasi selebgram sama kambek pocong langsung pada rapat baris takut sisih","Negative"
-5,"rt betulke arwah akan kembali lihat anak cucu kali akhir tapi kalau bab bab pocong ini memang seram ","Negative"
-3," ini setan lucu banget deh setelah hilang akhir balik ","Negative"
-2," ralat nder selebtwit baru tetas gue dari dulu yang tau cuma pocong alit sama vincent ","Negative"
0,"rt pocong sudah balik ke twitterawkarin sudah balik ke twitterkamu kapan balik sama akuhash ramashok ","Neutral"
0,"rt pocong sudah balik ke twitterawkarin sudah balik ke twitterkamu kapan balik sama akuhash ramashok ","Neutral"
0,"rt pocong sudah balik ke twitterawkarin sudah balik ke twitterkamu kapan balik sama akuhash ramashok ","Neutral"
0," korang tampak pocong ke hahahaha","Neutral"
0," pantat kau omong sama pocong kau bodat","Neutral"
1,"bangga sama diri sendiri dari jam dulu sih pocong ngetren di twitter hilang dan sampai kemarin comeback lagi kak twitter gue enggak follow ","Positive"
0," pocong enggak ada hargadiri lagi","Neutral"
0,"lah iya ya kenapa enggak pocong ","Neutral"
4," loh memang dulu sering tayang di tv ya iya benar utama adegan sih psycho gondol pocong dari kubur","Positive"
2," mau sumpah pocong ayo","Positive"
0,"rt pocong sudah balik ke twitterawkarin sudah balik ke twitterkamu kapan balik sama akuhash ramashok ","Neutral"
0,"rt pocong sudah balik ke twitterawkarin sudah balik ke twitterkamu kapan balik sama akuhash ramashok ","Neutral"
3," mimpi pocong ya hahahamampus","Positive"
-4,"rt lagi rame balik di twitter jadi ingat ini salah satu tampil publik pertama di sama gua masih bayang anak","Negative"
8,"pehh muka pocong ini gelp je pocong yang masuk dalam mimpi aku gila syeramm mata dia tenung aku dari bumbung rumah bang ","Positive"
0," lol riak pocong","Neutral"
0,"rt pocong sudah balik ke twitterawkarin sudah balik ke twitterkamu kapan balik sama akuhash ramashok ","Neutral"
0,"igt pocong tadi rupa bantal syeramm mata dia tenung aku dari bumbung rumah bang ","Neutral"
0," kakak gegara pocong awokwowkowkwo ","Neutral"
0,"sudah jadi pocong duluan baru istighfar ","Neutral"
-4," lagi pikir pocong ngesot kayak mana ya v","Negative"
0," dulu lentuna mau undang pocong kan ya vindulll tapi enggak jadi ","Neutral"
0," lagi mikir apa pocong balik lagi ke twitter","Neutral"
1,"rt mampus ribut pisang vs pocong sama enggak punya tang sama bentuk panjang kayak apa kalo antem ye ","Positive"
0," iya tapi terus mas pocong go public ada acara tipi tapi lupa judul apa ","Neutral"
0," pocong adalah sepuh mereka","Neutral"
0,"pocong pocong ","Neutral"
0,"rt pocong sudah balik ke twitterawkarin sudah balik ke twitterkamu kapan balik sama akuhash ramashok ","Neutral"
-2," enggak tau tuh tau pocong","Negative"
0,"rt pocong sudah balik ke twitterawkarin sudah balik ke twitterkamu kapan balik sama akuhash ramashok ","Neutral"
0,"rt pocong sudah balik ke twitterawkarin sudah balik ke twitterkamu kapan balik sama akuhash ramashok ","Neutral"
0," lagi ngiket tali pocong yang tukar welcomebackpoconggg","Neutral"
0," yang di pic memang siapa kalau yang pocong itu aku tau","Neutral"
0," pocong lihat ini mah tawa tawa geliii","Neutral"
0," lek teng kan akeh pocong mangkane wegah lek meteng l ","Neutral"
-2," ya bisa dong memang pocong doang ","Negative"
3," gue tau pocong dari awal main twtter banget haha","Positive"
0,"rt pocong sudah balik ke twitterawkarin sudah balik ke twitterkamu kapan balik sama akuhash ramashok ","Neutral"
0," lebih suqa pocong","Neutral"
0,"rt pocong sudah balik ke twitterawkarin sudah balik ke twitterkamu kapan balik sama akuhash ramashok ","Neutral"
0," maaf maaf mereka rata ada di twitter tahun sih pocong tahun followersny sudah kak ","Neutral"
0," follow dia ting follow kalo lu follow pocong auto ubah jadi kuntilanak","Neutral"
0,"mending lihat kuntilanak apa pocong gunderuwo kalian tiga nya muncul ada depan daripada lihat cewek pakai hijab pakai ","Neutral"
0,"rt wkwk sama gua juga gakenal kalau pocong tau lah dari jam dulu musim nigh","Neutral"
0," asa di buli sih pocong","Neutral"
-3," pocong ayo keluar conggggg","Negative"
0,"rt pocong sudah balik ke twitterawkarin sudah balik ke twitterkamu kapan balik sama akuhash ramashok ","Neutral"
0," lepas saja tali pocong nya","Neutral"
-6," benci banget sama sih pocong","Negative"
0,"rt pocong sudah balik ke twitterawkarin sudah balik ke twitterkamu kapan balik sama akuhash ramashok ","Neutral"
-2," kok tadi bohong baca pocong ya","Negative"
0," a nama pocong panggil kak ijey ini","Neutral"
0,"kayak lompat pocong enggak sih gua juga gakenal kalau pocong tau lah dari jam dulu musim nigh","Neutral"
-5," pocong itu arief muhammad dulu tuh pernah bikin gempar warga twitter karena ya pada ","Negative"
0,"rt pocong sudah balik ke twitterawkarin sudah balik ke twitterkamu kapan balik sama akuhash ramashok ","Neutral"
-4," ada bang andi masa tapi kok aku cuma kenal pocong ","Negative"
0,"rt pocong sudah balik ke twitterawkarin sudah balik ke twitterkamu kapan balik sama akuhash ramashok ","Neutral"
0,"rt pocong sudah balik ke twitterawkarin sudah balik ke twitterkamu kapan balik sama akuhash ramashok ","Neutral"
0," pocong lebih dulu kali","Neutral"
-4," pocong kan setan kak jadi enggak lihat","Negative"
0,"rt pocong sudah balik ke twitterawkarin sudah balik ke twitterkamu kapan balik sama akuhash ramashok ","Neutral"
5," cinta pandang pertama hanya omong kosong pocong hold my beer ","Positive"
0," e anjay belum ada mereka pocong sudah kenal dulu woy","Neutral"
0," pocong kalo bawa motor bagaimana ","Neutral"
0," ","Neutral"
-3,"filmografi the tarix jabrix rantau bangkit dari kubur slank enggak ada mati ke ","Negative"
0," helloooow dulu gue sampai bela bela loh beli buku pocong di indomaret waktu gue lagi mudik pakai uan ","Neutral"
0,"rt pocong sudah balik ke twitterawkarin sudah balik ke twitterkamu kapan balik sama akuhash ramashok ","Neutral"
0,"rt pocong sudah balik ke twitterawkarin sudah balik ke twitterkamu kapan balik sama akuhash ramashok ","Neutral"
-4,"rt orang yang caper di tweet pocong minggu lagi juga sudah bosan ","Negative"
-7,"rt wkwkwk ini pocong mangkal mana sih ","Negative"
0,"rt pocong sudah balik ke twitterawkarin sudah balik ke twitterkamu kapan balik sama akuhash ramashok ","Neutral"
0,"rt pocong sudah balik ke twitterawkarin sudah balik ke twitterkamu kapan balik sama akuhash ramashok ","Neutral"
0," ","Neutral"
0,"rt pocong sudah balik ke twitterawkarin sudah balik ke twitterkamu kapan balik sama akuhash ramashok ","Neutral"
0," semua akan di pocong pada akhir jadi ya kita semua bakal jadi pocong iani ","Neutral"
0," pocong nyaut enggak sih a akhir jadi ya kita semua bakal jadi pocong iani ","Neutral"
0," iye pocong siapa anjir balik saja ke instagram","Neutral"
5," lu lair tahun berapa kalo barusan mah wajar pocong lebih heboh dari pada itu selebtwit","Positive"
0,"rt pocong sudah balik ke twitterawkarin sudah balik ke twitterkamu kapan balik sama akuhash ramashok ","Neutral"
1,"rt santai bang pada saat lu bakal jadi pocong kok","Positive"
0,"ini pocong di saat masih anak kostan ","Neutral"
0," entar bisa lihat pocong dong aku ","Neutral"
0," gue malah tau pocong daripada mereka ","Neutral"
0," tunggu pocong ngupil pengin lihat bagaimana ","Neutral"
0," dek selesain dulu prnya baru bilang pocong who","Neutral"
-2," apakah di liang lahat ada sinyal kok pocong ini bisa nge tweet ","Negative"
2,"rt netizen facebook sama segitiga saja takut netizen twitter ada pocong muncul sambut dengan sukacita ","Positive"
0,"kakak kakak bangsat dengan pocong yang satu ini ","Neutral"
0," tonton pocong","Neutral"
4,"member ajak tengok pocong the origin kau gila haha aku nak tengok muka dia saat pun takut ini nak tengok wayang ","Positive"
0," memang benar jodoh enggak bakal mana mana tapi memang benar jodoh ada mana sih poconggg juga pocong","Neutral"
0,"rt pocong sudah balik ke twitterawkarin sudah balik ke twitterkamu kapan balik sama akuhash ramashok ","Neutral"
3," ih langsung follow pocong dong wkwkw oke oke","Positive"
0," ","Neutral"
0," pocong katro sambat itu temennye nasi ","Neutral"
5," pocong lebih sukses dari mereka semua sih kayak wkwkwk","Positive"
0,"pocong itu slebtweet jam gue esempe jir","Neutral"
0,"rt pocong sudah balik ke twitterawkarin sudah balik ke twitterkamu kapan balik sama akuhash ramashok ","Neutral"
0,"rt pocong sudah balik ke twitterawkarin sudah balik ke twitterkamu kapan balik sama akuhash ramashok ","Neutral"
0,"pocong hpnya i kali ","Neutral"
4," tuhkan pantesan zuppasoup enak nyata diludahin pocongiani ","Positive"
0," coba cek akun pocong","Neutral"
0,"rt pocong sudah balik ke twitterawkarin sudah balik ke twitterkamu kapan balik sama akuhash ramashok ","Neutral"
0," mending pocong daripada maling","Neutral"
-4,"rt orang yang caper di tweet pocong minggu lagi juga sudah bosan ","Negative"
4," betul biar ena pakai ludah pocong nyata diludahin pocongiani ","Positive"
0,"tak best langsung pocong nk tgok annabelle juga ","Neutral"
0,"pocong shalihah ","Neutral"
0," hhhaah bantu pocong bantu ludahin ya diludahin pocongiani ","Neutral"
-4," pocong mah mana kan memang masuk jahanam ngiani ","Negative"
0,"rt pocong sudah balik ke twitterawkarin sudah balik ke twitterkamu kapan balik sama akuhash ramashok ","Neutral"
-2," pocong pas jadi selebtwit dulu twitter cuma punya juta guna dia sudah punya juta followers","Negative"
0," pengin jadi pocong biar bisa tampil di acara dunia lain giani ","Neutral"
0," pocong itu arief muhammad","Neutral"
0,"rt pocong sudah balik ke twitterawkarin sudah balik ke twitterkamu kapan balik sama akuhash ramashok ","Neutral"
9,"cinta abang sama eneng bagai pocong ikat erat tanpa ada yang berani lepas ","Positive"
5," gue pernah di reply sama pocong pada zaman dan gue senang banget ","Positive"
0,"rt di kejar pocong dan kuntilanak a horror thread threadhoror bacahorror ","Neutral"
-4," enggak pernah follow pocong belum tapi gue pernah tau judul poconggg juga pocong kalo enggak salah jadi film","Negative"
-15," pocong kalo nonggol pas jumaat kliwon doang nder tapi sering absen karena sudah tua takut angin duduk kalo keluar malam ","Negative"
-6," pocong pertanyannya seram amat","Negative"
0," katai sama pocong bagaimana kak v ","Neutral"
0," wah sih pocong sombong ya ","Neutral"
0,"rt pocong sudah balik ke twitterawkarin sudah balik ke twitterkamu kapan balik sama akuhash ramashok ","Neutral"
0," malah aku lebih tau dulu sih pocong ","Neutral"
-4," seram nih pocong nya bisa omong di acara dunia lain giani ","Negative"
-4,"macam mana pocong ini pun boleh verified ","Negative"
0," kayak pocong ya ","Neutral"
0,"rt pocong sudah balik ke twitterawkarin sudah balik ke twitterkamu kapan balik sama akuhash ramashok ","Neutral"
0," selebtwit enggak tau pocong belum pro main twitter wkwkwkwkgiani ","Neutral"
0," ha gua gapada kenal mereka bodo amat gua stan pocong saja","Neutral"
0,"rt gue mau ngumpulin orang yang enggak follow akun sih pocongadakah di antara teman ku","Neutral"
-8," pocong bukan masuk setan ya bre salah terka gua arti yodah bakar saja itu bre mumpung sudah linting","Negative"
0,"rt film pocong pertama yang cekal ","Neutral"
0,"rt pocong kan ghaib replynya juga ghaib lah ","Neutral"
0,"rt pocong sudah balik ke twitterawkarin sudah balik ke twitterkamu kapan balik sama akuhash ramashok ","Neutral"
0," gua resep kejer pocong lu anjir v","Neutral"
-5,"rt betulke arwah akan kembali lihat anak cucu kali akhir tapi kalau bab bab pocong ini memang seram ","Negative"
-4,"rt lagi rame balik di twitter jadi ingat ini salah satu tampil publik pertama di sama gua masih bayang anak","Negative"
0,"rt pocong sudah balik ke twitterawkarin sudah balik ke twitterkamu kapan balik sama akuhash ramashok ","Neutral"
0,"rt pocong sudah balik ke twitterawkarin sudah balik ke twitterkamu kapan balik sama akuhash ramashok ","Neutral"
4," good job min kalo mau bikin meta sebar pocong bisa manfaat citra landsat enggak min ","Positive"
0,"rt lah pocong mah sudah hits duluan keleusss","Neutral"
0," lu belum main twitter kali nderr pas jam jaya jaya nya sih pocong ","Neutral"
